Country Name,Country Code,Access to electricity (% of population),"Compulsory education, duration (years)","Employment to population ratio, 15+, total (%) (modeled ILO estimate)","GDP per capita, PPP (current international $)",Individuals using the Internet (% of population),"Industry (including construction), value added per worker (constant 2015 US$)","Inflation, GDP deflator (annual %)",Land area (sq. km),Merchandise exports by the reporting economy (current US$),Military expenditure (% of GDP),Net migration,Population ages 15-64 (% of total population),Proportion of seats held by women in national parliaments (%),Renewable energy consumption (% of total final energy consumption),Urban population (% of total population),"Vulnerable employment, total (% of total employment) (modeled ILO estimate)",happiness_score,social_support,healthy_life_expectancy_at_birth,freedom_to_make_life_choices,generosity,perceptions_of_corruption,positive_affect,negative_affect
Afghanistan,AFG,68.0,9.0,43.301,2133.241270986467,5.9,2560.460286446483,4.822785478769859,652230.0,373958198.0,1.0769497676240298,18119.0,50.4888449766978,27.710843373494,16.9,23.8077136743646,86.4837438686457,3572.0,484.0,52.0,578.0,63.0,823.0,547.0,273.0
Angola,AGO,38.4,6.0,64.119,8504.095320720526,13.0,59391.57251615376,3.233508037842171,1246700.0,67589205296.99999,4.455239421551091,124478.0,52.0969806945144,34.0909090909091,46.8,62.1333075212361,68.4179370315136,3937.0,722.0,52.46,0.41,-106.0,816.0,0.65,371.0
Albania,ALB,99.9,9.0,44.101,10196.543281169596,51.8,15627.282452844536,0.3525637852777095,27400.0,2429581496.0,1.40898210141146,-20681.0,68.3856722403311,17.8571428571429,41.1,54.2979678058548,57.7794652997091,4551.0,759.0,68.44,632.0,-129.0,863.0,541.0,338.0
United Arab Emirates,ARE,100.0,12.0,75.691,87526.32547970614,88.0,98025.6150374945,-0.6018374874312968,71020.0,245050998500.0,6.03468625064444,279269.0,81.6884573970865,17.5,0.1,83.9558135814626,0.636339242197725,6621.0,864.0,65.28,936.0,,,,291.0
Argentina,ARG,99.3,13.0,55.705,19928.989490167023,59.9,35257.58527217358,23.94879841627464,2736690.0,72571045546.0,0.83773642721392,5275.0,64.0825562537135,36.5758754863813,8.9,91.3014507719473,19.68578509316161,6582.0,0.91,66.66,737.0,-134.0,823.0,766.0,254.0
Armenia,ARM,99.4,12.0,51.339,9454.878528365563,41.9,13006.334445990664,3.3668246422446515,28470.0,1463689707.0,3.99724455730484,-16265.0,69.6400159040937,10.6870229007634,6.8,64.3584061131466,45.712370742357294,4277.0,723.0,65.52,504.0,-198.0,0.9,503.0,0.45
Australia,AUS,100.0,11.0,61.343,46123.47509628479,83.4535,125177.759937314,-0.13127264372919,7682300.0,248263777619.0,1.63819651223089,215823.0,66.700299430582,26.0,9.2,86.5740515760243,10.398009041769589,7364.0,928.0,70.44,933.0,265.0,432.0,0.77,177.0
Austria,AUT,100.0,10.0,57.122,47519.852279657134,80.6188,90175.16395515208,1.708722881911612,82520.0,174987605184.0,0.7571801925799959,56726.0,67.4266821192924,33.3333333333333,34.6,67.2981308784247,10.52930235338699,7499.0,0.95,70.2,922.0,164.0,679.0,725.0,163.0
Azerbaijan,AZE,100.0,9.0,58.82,17267.511891953767,73.0,39459.8549506448,0.4131639221209582,82659.0,23974282300.0,4.54092330961466,2291.0,71.6592530898028,15.5737704918033,2.5,54.1821087431318,56.4352439885177,5481.0,0.77,62.54,672.0,-171.0,699.0,516.0,242.0
Burundi,BDI,6.9,,77.59,687.3709683117152,1.26422,2778.166774670896,8.229642645844805,25680.0,205748843.0,2.4824131147541,-2285.0,51.7106229076444,30.4761904761905,90.8,12.9670962745892,86.69752310055429,,,,,,,,
Belgium,BEL,100.0,12.0,49.1,43864.120419683815,82.1702,89029.06005375861,1.412489654717362,30333.0,461922581977.0,1.0045200869807,28066.0,65.2910824069226,38.0,8.3,85.7415410247275,11.767999599012256,7104.0,909.0,69.68,891.0,12.0,574.0,738.0,217.0
Benin,BEN,34.7,6.0,71.109,2511.653095883325,4.9,2340.403737293752,1.3972983945518251,112760.0,594614378.0,0.6872396834962541,-887.0,53.3802257734234,8.43373493975904,52.0,44.6502883669319,83.4485053544751,3479.0,577.0,53.78,783.0,-85.0,856.0,646.0,216.0
Burkina Faso,BFA,15.4,10.0,75.898,1642.8921312577647,5.0,2479.3920214950044,-2.1291711776874536,273600.0,2501358675.0,1.23609025726906,-33212.0,51.7114608653578,15.748031496063,78.7,25.106116148748,80.7933698090045,3326.0,745.0,52.52,741.0,-15.0,765.0,592.0,287.0
Bangladesh,BGD,61.5,5.0,54.649,3691.104311021167,6.63,3673.2490828508094,7.174953432324145,130170.0,21657154890.0,1.11372942922328,-862944.0,62.9494570158261,19.7142857142857,37.0,28.8407036106763,59.572385704006194,4.66,0.53,62.76,742.0,-29.0,743.0,492.0,246.0
Bulgaria,BGR,95.3,10.0,46.957,15829.59140810484,53.0615,13114.816706698795,0.0719515940466948,108560.0,29017748589.0,1.45404283053363,-1324.0,66.9753508090845,24.5833333333333,18.2,72.9632821572019,7.043220572939751,3993.0,829.0,65.62,603.0,-197.0,962.0,537.0,278.0
Bahrain,BHR,100.0,9.0,70.702,56310.31174581892,90.0,47961.86438675154,0.4998289563838511,770.0,10286886739.0,4.14139762975071,35574.0,77.7848127947515,10.0,0.0,100.0,0.96644841075109,6.69,884.0,65.72,809.0,,525.0,711.0,306.0
Bosnia and Herzegovina,BIH,99.5,9.0,36.517,10127.442974971558,48.5213,10391.909661626994,-0.2241202936994852,51200.0,5554892968.0000105,1.08705579799922,-37002.0,68.9007380238331,21.4285714285714,19.5,46.6954224739896,21.54359549361948,5124.0,767.0,67.0,0.39,41.0,0.97,489.0,315.0
Belarus,BLR,96.2,9.0,60.146,19014.052973769754,54.17,12464.38897046603,21.26300022832864,202908.0,36632086800.0,1.27079665150066,10550.0,70.5764717728536,26.605504587156,7.0,75.94970703125,7.52722786338655,5876.0,923.0,63.98,723.0,-181.0,653.0,545.0,206.0
Belize,BLZ,91.1,8.0,57.402,9525.830890305782,33.6,13959.841870340691,2.0125104099831788,22810.0,413305309.0,0.8740105893026311,1505.0,62.7488459635802,3.125,38.0,44.4380542363795,29.52209955304273,,,,,,,,
Bolivia,BOL,89.5,14.0,66.239,8068.720172307764,36.99,8659.206730817285,5.995388368549044,1083300.0,12249343003.0,1.84124031434345,-11369.0,61.0995583241264,25.3846153846154,16.0,67.6697055519889,65.3711622818641,5767.0,803.0,62.3,846.0,-68.0,812.0,721.0,0.41
Brazil,BRA,99.6,14.0,59.766,15722.333524370084,51.04,17458.879495973466,7.50456453269075,8358140.0,236541904690.0,1.32944608382557,-157228.0,69.3600959635388,8.57699805068226,42.3,85.1676585442726,25.43024887499072,7.14,0.91,64.38,785.0,-98.0,707.0,725.0,276.0
Bhutan,BTN,87.4,,63.426,8666.910635900686,22.4,20496.9980528514,6.164131598108185,38117.0,456684938.0,,309.0,66.7395587592534,6.38297872340426,81.7,35.5740003158589,70.8867128653209,5569.0,819.0,62.24,0.81,352.0,802.0,664.0,217.0
Botswana,BWA,58.0,,50.399,13621.149472669544,30.0,46782.22989645089,1.5320450603637568,566730.0,7932921394.0,2.1471710497407,-7836.0,62.2125420280681,7.93650793650794,26.7,64.7579735458393,28.37797005517934,4128.0,856.0,51.92,767.0,-145.0,749.0,671.0,244.0
Central African Republic,CAF,11.5,10.0,69.036,709.853481245446,2.5,1560.515345183801,2.4874867776006653,622980.0,53100940.0,2.83390827023391,-112382.0,50.5153670963349,,95.1,39.3042963482777,78.9416720643146,,,,,,,,
Canada,CAN,100.0,10.0,61.788,44301.05625291326,85.8,99544.02818030283,1.7407379314567777,8965590.0,458027938644.0,1.00236720047397,239813.0,68.4998731704546,24.6753246753247,22.2,81.183439957458,10.5840958560203,7594.0,936.0,70.98,916.0,312.0,406.0,801.0,263.0
Switzerland,CHE,100.0,11.0,64.393,61656.46617085157,86.34,174705.39719651226,-0.0868425914429025,39511.428,357764923725.0,0.712636242390875,83823.0,67.569206651867,31.0,21.8,74.1121384785551,11.27837848567475,,,,,,,,
Chile,CHL,99.6,12.0,57.88,22201.066068433745,58.0,34083.89028639694,2.260770609223542,743532.0,75909450133.0,1.99462247217943,36529.0,68.8419518588406,15.8333333333333,30.2,87.1827777654221,19.19543192166341,6.74,862.0,69.04,737.0,79.0,741.0,791.0,285.0
China,CHN,100.0,9.0,66.751,12228.373608419706,45.8,17787.21304404691,2.297993974019448,9388211.0,2207941404351.0,1.7143409229625002,-188951.0,72.3383307205597,23.40140609307,11.5,54.4900016784668,38.4984455583427,5241.0,778.0,67.48,805.0,-161.0,,717.0,142.0
Cote d'Ivoire,CIV,61.5,10.0,64.302,3619.017908548649,6.6,7803.70467103091,2.876730428525164,318000.0,13627594165.0,0.995019119922897,-250964.0,55.3222585566853,10.4417670682731,72.2,48.5702332186208,75.8313713974169,3739.0,709.0,51.3,739.0,-32.0,691.0,661.0,306.0
Cameroon,CMR,56.3,6.0,70.475,3238.8682984373254,10.0,6448.998464977736,3.053459169250374,472710.0,4386026252.0,1.1650411430349898,-6900.0,53.5503581471515,31.1111111111111,77.7,51.9475591877024,75.26255747168949,4271.0,0.76,50.92,794.0,-36.0,867.0,0.64,268.0
"Congo, Dem. Rep.",COD,15.2,6.0,62.839,760.6498799396196,2.2,5956.577087154647,5.967494525185273,2267050.0,4859627942.0,1.07353188499408,121097.0,50.9022746520143,8.94308943089431,93.9,40.5675263197158,80.7675097625104,4497.0,0.83,51.4,0.48,13.0,913.0,556.0,187.0
"Congo, Rep.",COG,42.5,10.0,54.477,5833.863366514361,6.6,15592.349389938228,-1.1045621892685773,341500.0,10373797053.0,2.04447551898046,-24605.0,55.9893261389154,7.35294117647059,62.3,62.8682817180686,75.35347639883119,3955.0,0.68,54.14,726.0,-104.0,752.0,599.0,291.0
Colombia,COL,97.8,10.0,61.053,12779.886581831845,51.7,19210.60146469724,1.907676432211616,1109500.0,57570511568.0,3.27226285651869,-64789.0,67.7967037079735,12.1212121212121,32.0,77.0315988189922,44.36474991630153,6607.0,901.0,67.86,841.0,-74.0,898.0,815.0,278.0
Comoros,COM,69.4,6.0,42.398,2832.5312154814624,6.5,2944.132410195628,1.752238480064321,1861.0,16596961.0,,-2365.0,55.684957824165,3.03030303030303,63.6,29.7043482521482,58.42758323993255,,,,,,,,
Costa Rica,CRI,99.6,13.0,58.43,15232.07715294966,45.96,32779.551152551554,4.590211674811442,51060.0,11484729101.0,,1579.0,68.4238638023794,38.5964912280702,37.8,73.9431776192863,27.236289019368108,7158.0,902.0,69.68,898.0,11.0,813.0,809.0,278.0
Cuba,CUB,98.5,9.0,53.442,,27.93,21411.89362002068,2.657830239662644,104220.0,3802639830.0,3.51272878104423,-37619.0,69.2751590025551,48.8562091503268,18.2,76.81640625,17.228352913625823,,,,,,,,
Cyprus,CYP,100.0,10.0,53.707,28499.85546875,65.4548,22260.610529925347,-0.9377389499643414,9240.0,1677880153.0,1.60700908951525,11914.0,71.7655281929563,10.7142857142857,9.7,67.2102333625375,13.51956104273001,5439.0,744.0,71.28,656.0,98.0,867.0,657.0,0.42
Czechia,CZE,100.0,9.0,55.135,31013.00829338312,74.1104,31573.46746204598,1.2715877867745036,77220.0,162173021034.0,1.00870446252121,5427.0,67.9917611396456,19.5,13.9,73.1622186934979,14.18930471847079,6698.0,888.0,68.06,726.0,-0.16,916.0,656.0,253.0
Germany,DEU,100.0,13.0,57.074,45889.0173022052,84.17,76422.95888709174,1.9956988813880367,348880.0,1438758182197.0,1.16213791467872,462384.0,65.9544693115349,36.4500792393027,13.6,80.4732318400362,6.52421225849841,6965.0,931.0,70.06,894.0,0.02,566.0,693.0,205.0
Djibouti,DJI,58.6,10.0,24.258,3762.2819610399015,12.7,30628.608414850205,,23180.0,1708615468.0,,2033.0,60.9950808494305,12.7272727272727,29.9,70.7969331287484,32.55089804917673,,,,,,,,
Denmark,DNK,100.0,10.0,56.95,46869.193288774935,94.6297,113119.17980465098,0.8469112599220239,40000.0,110016590737.0,1.22352490397164,21359.0,64.6171531249485,39.1061452513966,27.0,87.5436524760432,6.674829351471293,7589.0,965.0,70.06,0.92,211.0,0.17,826.0,195.0
Dominican Republic,DOM,98.4,15.0,54.912,12413.91001835603,45.9,22653.866867834386,4.628596708808445,48310.0,9022244578.0,0.611824773045351,-36673.0,64.7350689743038,20.7650273224044,16.6,74.2251359951216,41.57228015607004,5016.0,878.0,63.68,889.0,18.0,752.0,766.0,295.0
Algeria,DZA,99.2,10.0,38.663,14370.820661674035,22.5,18292.36378419314,0.8927529930638372,2381740.0,65950789176.00001,4.42382453876042,-30052.0,66.9223817569513,31.6017316017316,0.1,68.9463836079277,26.92807701701544,,,,,,,,
Ecuador,ECU,98.0,15.0,60.342,11295.612780441888,40.2791,22768.566401039403,2.6668672801717577,248360.0,24881025644.0,2.83298697009902,-6182.0,63.6707396710756,38.6861313868613,11.8,62.8837286624122,44.968689323008206,6019.0,801.0,66.82,787.0,-194.0,646.0,824.0,267.0
"Egypt, Arab Rep.",EGY,99.9,9.0,42.065,10511.39316784946,29.4,17781.66568355639,8.712674574884716,995450.0,27959015874.0,1.61005697699419,130305.0,62.0110954010074,,5.3,42.7514277188751,20.50271597955191,3559.0,675.0,61.88,474.0,-0.14,913.0,487.0,483.0
Spain,ESP,100.0,10.0,43.701,32613.68918114739,71.635,65717.54208029795,0.4381750326971882,500210.0,303458759588.0,1.26618872678062,-250741.0,67.0770392025555,36.0,16.9,78.9858086902112,12.65371791851696,6.15,929.0,71.36,759.0,-105.0,916.0,663.0,372.0
Estonia,EST,100.0,9.0,55.984,27831.15262342133,80.0043,27790.57305417445,4.123953890366551,43470.0,16115238298.0,1.88381591331462,-2688.0,66.0628361595682,20.7920792079208,24.5,68.0923458296768,7.734747089034761,5367.0,901.0,67.74,754.0,-204.0,726.0,651.0,199.0
Ethiopia,ETH,30.8,8.0,79.409,1252.8689640800426,4.6,1960.937058094049,4.901979297192497,1128572.1,1867208574.0,0.806417193723534,80955.0,53.1134705274755,27.7879341864717,92.4,18.615514755249,87.7271951584348,4445.0,602.0,56.98,707.0,-8.0,0.75,0.57,213.0
Finland,FIN,100.0,9.0,54.269,41325.80520723206,91.5144,99288.5540418986,2.5613941595223224,303890.0,74062014935.0,1.54007184381097,18164.0,64.5043907459626,42.5,38.5,70.6742118159277,10.359010820142746,7445.0,941.0,70.26,919.0,35.0,306.0,752.0,195.0
France,FRA,100.0,10.0,50.692,39583.35204350454,81.9198,72702.73300423623,0.7478758074222327,538950.0,575302712818.0,1.84711648361859,116297.0,63.6262148936628,26.8630849220104,13.4,77.2440721470918,6.97353092197546,6667.0,908.0,71.5,878.0,-128.0,699.0,741.0,205.0
Gabon,GAB,86.4,10.0,40.052,14497.992121690228,30.538,99728.88018581575,-6.157924934444907,257670.0,13037420010.0,1.60404717948982,19587.0,59.1230221135423,15.7894736842105,82.2,87.1482480671637,31.13986727289997,3.8,733.0,55.38,682.0,-146.0,0.78,519.0,287.0
United Kingdom,GBR,100.0,11.0,57.202,39947.53695625624,89.8441,88466.33370496288,2.157087787755984,241930.0,516482206579.0,2.29232047399432,237272.0,64.8698524669935,22.4615384615385,5.2,81.4573768694887,11.98047480015392,6918.0,937.0,69.58,905.0,342.0,568.0,719.0,252.0
Georgia,GEO,100.0,9.0,53.577,10797.34232734757,43.3,15644.53548934333,-0.6509650164553022,69490.0,2905365974.0,2.52250044602568,-40117.0,67.3865651560398,12.0,32.4,56.6182119019407,56.3366086415784,4349.0,559.0,64.0,722.0,-257.0,349.0,467.0,0.2
Ghana,GHA,70.7,11.0,70.094,5214.569358487944,15.0,7356.9456013187,54.01291175839256,227540.0,12642191001.0,0.400294579040699,-2377.0,57.7912847870327,10.9090909090909,46.2,52.4985794475913,71.7181857515887,4965.0,676.0,55.62,794.0,-67.0,0.88,0.66,211.0
Guinea,GIN,32.2,6.0,54.234,1842.002277374092,4.5,5142.68876396792,4.329356460960668,245720.0,1777558436.0,2.38618429535759,-29136.0,52.6752447959336,,78.5,34.5812741977122,84.125505252043,3902.0,567.0,51.26,693.0,0.09,815.0,606.0,348.0
"Gambia, The",GMB,51.5,9.0,43.392,2006.7408164678784,14.0,2138.002825557927,5.933131380581912,10120.0,108755271.0,0.754494266076443,-2476.0,53.4267554797358,7.54716981132075,59.3,57.970305611505,73.2331529096012,,,,,,,,
Greece,GRC,100.0,10.0,37.288,25730.880900666445,59.8663,55719.39369870729,-1.9603216018036,128900.0,33959659206.0,2.39130807647224,-59323.0,65.0482485111407,21.0,16.6,77.0951999650171,30.38026403444053,4.72,687.0,70.24,426.0,-275.0,941.0,571.0,482.0
Guatemala,GTM,88.1,16.0,58.403,7699.945412472517,19.7,11718.336436621134,3.358395707204992,107160.0,9975329931.0,0.471272593167646,-35698.0,58.4664825867373,13.2911392405063,67.2,52.7809822766245,37.9642635784105,5985.0,0.83,60.94,884.0,42.0,817.0,822.0,333.0
Guyana,GUY,86.0,6.0,49.151,11199.8874744089,31.0,16879.333803928443,-0.5366805281057196,196850.0,1361193784.0,0.8436933000950889,-6907.0,64.2139591998363,31.3432835820896,26.9,26.4003891353669,30.30484651906168,,,,,,,,
"Hong Kong SAR, China",HKG,100.0,9.0,58.437,53517.41954988799,74.2,38387.19190215728,1.812466593499892,1050.0,459020692706.001,,23826.0,74.0951580564497,,0.3,100.0,6.905691123672852,,,,,,,,
Honduras,HND,87.2,12.0,59.123,4137.326823778103,17.8,7213.694254490274,1.374030518564922,111890.0,3925910383.0,1.3795353155606,-6091.0,60.592472222855,,51.1,53.356379133253,38.65768866432285,4713.0,792.0,61.7,698.0,-28.0,868.0,795.0,283.0
Croatia,HRV,100.0,8.0,42.012,21016.96674598134,66.7476,24376.83769104523,0.7375630520672729,55964.0,12591946044.0,1.6078087539115202,-6245.0,66.7137862494026,23.841059602649,32.8,55.3659479687433,11.98771557997975,5885.0,751.0,67.66,627.0,-209.0,936.0,554.0,285.0
Haiti,HTI,38.9,6.0,56.8,3042.4970687870987,10.6,9264.801161358972,8.077148841914834,27560.0,1025094597.0,0.0303030932089833,-30323.0,60.9058864817208,4.21052631578947,80.4,48.1049430223048,74.3712588512168,4622.0,648.0,43.96,0.61,246.0,669.0,528.0,327.0
Hungary,HUN,100.0,11.0,48.076,24591.63805030551,72.6439,23696.12741446043,2.8348095721203634,90530.0,107501369693.0,0.943669886878651,5635.0,68.2352317213276,8.80829015544041,17.2,69.9277636266638,8.226158198243287,4914.0,877.0,66.28,674.0,-117.0,912.0,647.0,307.0
Indonesia,IDN,96.5,9.0,63.863,9866.01699250847,14.94,12840.447692010868,4.965990291316771,1877519.0,182544595264.0,0.918769839183066,-27507.0,66.6471548360078,18.5714285714286,30.6,51.8307495117188,50.88491194303239,5292.0,794.0,61.86,781.0,374.0,973.0,777.0,249.0
India,IND,83.1,8.0,49.267,5014.350565907802,12.3,4431.395791927028,6.186504000834532,2973190.0,303569384286.0,2.5488248901417,-151372.0,64.8769968339134,11.0091743119266,34.9,31.9096789235237,79.0944024401267,4428.0,553.0,58.38,0.74,82.0,832.0,608.0,0.33
Ireland,IRL,100.0,10.0,53.402,48838.77198255254,78.2477,188455.97935066404,1.3371601565643942,68890.0,116069647695.0,0.49161342312128,-12309.0,66.0510609746196,15.6626506024096,7.7,62.4047157756118,13.524726306363569,6.76,955.0,70.46,884.0,326.0,558.0,744.0,245.0
"Iran, Islamic Rep.",IRN,99.8,9.0,36.79,16215.211901464165,29.95,16504.309535044213,36.77563188620832,1628760.0,62542170170.0,2.18077190909837,-47322.0,71.1183425569699,3.10344827586207,1.0,72.3030873515412,41.54553551152073,5.14,664.0,65.42,0.73,204.0,685.0,575.0,552.0
Iraq,IRQ,99.0,6.0,38.087,14668.54327649947,9.2,32051.45787582128,-0.0113328650677573,434128.0,84835480863.0,3.3158309614939903,474379.0,56.1925448704153,25.2307692307692,1.5,69.444450378418,27.829600711763327,4725.0,728.0,60.84,,-44.0,0.71,,554.0
Iceland,ISL,100.0,10.0,70.87,44409.66895309035,96.5468,95628.537106789,2.4929901361769424,100250.0,4992194767.0,,1666.0,66.3391846810061,39.6825396825397,76.8,93.6166725158692,11.839737540872084,7501.0,967.0,71.7,923.0,301.0,713.0,802.0,156.0
Israel,ISR,100.0,13.0,61.115,34827.36473511461,70.2503,96341.39897888622,1.8741405571816188,21640.0,63881900000.0,5.44373442389891,17075.0,61.2196796672353,22.5,3.3,91.7227831465406,7.771138769453064,7321.0,909.0,71.64,739.0,147.0,849.0,649.0,409.0
Italy,ITA,100.0,12.0,42.603,36459.29502487161,58.4593,63603.134605259336,1.1257840362335827,295718.0,512414256610.0,1.39167747666985,158090.0,64.7515846412995,31.4285714285714,16.3,69.3073989916076,17.228266982630842,6009.0,916.0,71.4,499.0,-106.0,943.0,702.0,357.0
Jamaica,JAM,93.9,6.0,55.845,9101.414966924807,37.1,14195.842550381543,8.415815658215294,10830.0,1572498937.0,0.898967963739861,-10335.0,69.0354914183958,12.6984126984127,11.4,54.548819811983,37.58585081240645,5709.0,865.0,66.6,793.0,-26.0,931.0,694.0,312.0
Jordan,JOR,99.7,10.0,32.425,9816.598556531237,41.4,24012.674180511058,6.143623889444399,88780.0,6537030552.0,4.19373981956594,609631.0,61.6110695338189,12.1621621621622,3.1,86.4627110188335,9.747631004250389,5172.0,0.84,67.24,692.0,-128.0,,597.0,286.0
Japan,JPN,100.0,9.0,56.853,39402.025098802456,88.2194,76256.2855825389,-0.3543750543688588,364500.0,713661394598.0,0.9405385014289348,66449.0,61.4978527996995,8.125,5.0,91.1516595654317,9.12867996445858,5959.0,924.0,73.36,821.0,-152.0,0.65,719.0,175.0
Kazakhstan,KAZ,100.0,9.0,66.955,23754.134195211693,63.3042,32924.56560435811,9.499081443592146,2699700.0,82359225690.0,1.07808460394627,-3925.0,66.8757705834568,24.2990654205607,1.2,55.0779764821252,28.56909373307179,5835.0,889.0,62.2,782.0,-233.0,0.82,629.0,164.0
Kenya,KEN,40.1,12.0,72.011,3106.393944648851,13.0,6473.0885488808935,7.337562233604402,569140.0,5529428757.0,1.39539650803677,-57634.0,54.906817591266,18.5714285714286,74.3,31.8324454433988,60.39889030808151,3795.0,825.0,55.06,708.0,204.0,861.0,729.0,161.0
Kyrgyz Republic,KGZ,98.9,9.0,56.229,4000.962957651074,23.0,2925.3491742814795,3.1751881360427205,191800.0,1761510651.0,3.19620405364784,-9667.0,64.2367351156088,23.3333333333333,24.8,35.1850529225105,39.4497505244087,5402.0,851.0,62.86,755.0,-87.0,0.9,595.0,135.0
Cambodia,KHM,50.9,,79.867,3890.948412052208,6.0,3837.9838379492194,2.8690452471251007,176520.0,9217084480.0,1.22920405585317,-54554.0,63.5353273842827,20.3252032520325,65.0,25.7644735090271,55.9055748887973,3674.0,651.0,60.02,941.0,162.0,812.0,0.67,0.44
"Korea, Rep.",KOR,100.0,9.0,59.517,35844.225378240815,84.77,77972.75187310304,1.0770383208686098,97426.0,551397919296.0,2.39128707318548,301926.0,73.2416718608572,15.6666666666667,1.9,81.8269383502703,20.36751334471857,5959.0,797.0,71.56,642.0,-54.0,832.0,589.0,189.0
Kuwait,KWT,100.0,9.0,69.57,76812.53873304493,75.46,138730.4388052903,0.2230225458894352,17820.0,9529745178.0,3.27153182701652,107821.0,75.9383803730373,6.15384615384615,0.0,100.0,0.5621627981860771,6.48,862.0,69.8,751.0,,,686.0,283.0
Lao PDR,LAO,79.3,5.0,59.387,5221.59855783339,12.5,22417.098961399464,6.473972083433367,230800.0,3332083971.0,0.189895181780941,-27492.0,61.6652381963263,25.0,58.6,32.2264033448341,80.83661030774681,,,,,,,,
Lebanon,LBN,99.6,10.0,42.224,16315.613774876314,70.5,20500.09957968088,2.578451092266178,10230.0,4867658946.0,4.12908273269169,733500.0,67.9852036320067,3.125,5.9,88.2165478464663,20.22059435888722,4983.0,708.0,65.58,655.0,-0.01,921.0,446.0,409.0
Liberia,LBR,9.8,6.0,75.38,1360.1291037015458,3.2,3273.106027077793,4.715308132832547,96320.0,27478918.0,0.4964356110381079,-22010.0,54.3063418204644,10.958904109589,87.5,49.6977986242077,77.76464506596393,,,,,,,,
Libya,LBY,77.1,9.0,39.789,21151.005191163284,16.5,84242.45034264922,0.0853923422682783,1759540.0,46303080716.0,7.639330848258929,25755.0,64.3027737478901,16.5,2.4,88.0451431274414,20.5020852518986,,,,,,,,
Sri Lanka,LKA,90.2,9.0,49.874,11252.631149191093,,11375.462885255323,6.25288525767678,62710.0,9905889022.0,2.15404824269909,-37754.0,66.6806889722923,5.77777777777778,56.9,18.4323136480916,40.67405634703276,4365.0,809.0,65.64,834.0,262.0,842.0,776.0,208.0
Lesotho,LSO,26.9,7.0,54.85,2538.263103060494,15.0,3618.6502773746656,10.279895643738286,30360.0,358575494.0,2.02653187465999,-6659.0,59.496042798847,26.6666666666667,46.1,31.2407460933407,33.756813159490065,,,,,,,,
Lithuania,LTU,100.0,10.0,51.165,24889.872622781782,68.4529,31346.789053082288,0.8338275508905895,62675.0,32495900961.0,0.7665282727729941,-16769.0,66.993627044439,24.113475177305,26.3,67.0092086791992,10.84480593969586,5596.0,913.0,64.9,556.0,-0.24,936.0,0.54,294.0
Luxembourg,LUX,100.0,12.0,54.991,100925.01199224051,93.7765,201635.80660062068,2.2760250887949383,2574.46,18272564834.0,0.358492375793951,10535.0,69.0605655434262,28.3333333333333,5.7,89.9413746679705,5.887044474073236,7131.0,917.0,71.1,0.79,-63.0,301.0,601.0,185.0
Latvia,LVA,100.0,11.0,52.273,20473.52437069133,75.2344,23593.51836911716,1.900529691179316,62227.0,14330778904.0,0.9728462488920552,-14386.0,66.4975087058683,23.0,39.6,67.847334482933,9.3640979317219,5.07,834.0,65.2,631.0,-77.0,837.0,605.0,227.0
Morocco,MAR,97.2,9.0,43.851,7542.0986328125,56.0,11739.183991294462,1.26026248256035,446300.0,21435385993.0,3.8057829012064497,-67096.0,65.991953076473,16.9620253164557,11.6,59.9083499302469,39.02759889204883,5142.0,597.0,62.98,572.0,-208.0,771.0,707.0,239.0
Moldova,MDA,99.6,9.0,64.013,8232.523804736804,37.44,8993.52235579128,3.923851221823256,32880.0,2384102195.0,0.281261545863777,-77571.0,71.9494974312337,19.8019801980198,23.8,39.4275512695312,57.37518199070493,5756.0,803.0,62.14,658.0,-72.0,941.0,548.0,261.0
Madagascar,MDG,12.9,5.0,85.409,1473.4039807725528,3.0,1952.216295114501,5.452302454911802,581800.0,1567002394.0,0.578559931839726,-2445.0,54.5107020051046,17.4863387978142,81.4,28.6604637105393,85.9525757711906,3816.0,673.0,55.82,0.48,-18.0,868.0,0.6,241.0
Maldives,MDV,99.4,7.0,50.299,15264.090706958128,44.1,11565.669453427328,6.73490900673994,300.0,166504990.0,,6963.0,71.972814791393,6.49350649350649,1.3,37.8257075155926,22.234476457728363,,,,,,,,
Mexico,MEX,99.1,14.0,58.029,18170.264789912017,43.46,31598.746273259523,1.7038827864784878,1943950.0,379478756000.0,0.48764287589738,-120058.0,64.9234762415024,36.8,9.2,76.7955768077952,26.61496353867329,7443.0,759.0,65.52,739.0,-169.0,615.0,0.75,223.0
North Macedonia,MKD,99.7,13.0,38.803,12802.122397478111,65.24,11264.939148166904,4.483293153779314,25220.0,4298771673.0,1.16943718855289,-20297.0,68.9591860049273,34.1463414634146,21.2,58.578694432799,23.43285952138756,5186.0,832.0,65.14,641.0,0.02,861.0,521.0,331.0
Mali,MLI,32.4,9.0,69.526,2059.2840764188104,3.5,7093.280201949291,-0.3175591050519841,1220190.0,1831247003.0,1.16137913160626,-40951.0,49.4139790596757,,84.8,24.7033626854883,81.6865392471941,3676.0,0.82,52.32,665.0,-53.0,755.0,717.0,193.0
Malta,MLT,100.0,11.0,50.773,31050.62886328509,68.9138,32973.296977164806,2.255150864839095,320.0,3351635345.0,0.498340372182382,861.0,68.1661327685099,14.2857142857143,3.2,94.3906567856206,10.661491985336012,6.38,942.0,70.94,909.0,402.0,,629.0,0.37
Myanmar,MMR,56.5,5.0,64.487,4143.630127319586,1.8,4640.567407484405,4.378070843106514,653080.0,11428282969.0,4.11633459177026,-62863.0,67.4581949830249,6.03248259860789,75.6,29.5103946237239,64.0888560084288,4176.0,757.0,58.64,775.0,694.0,638.0,675.0,217.0
Montenegro,MNE,99.7,9.0,39.741,13766.591398726214,60.31,15825.981241832313,1.6182049160158698,13450.0,494408684.0,1.45226142609027,-2478.0,67.5955164422124,16.0493827160494,49.3,64.6252987959653,13.334115507582162,5074.0,736.0,66.44,502.0,-179.0,693.0,493.0,331.0
Mongolia,MNG,81.2,12.0,56.98,10442.385050449348,17.7,12747.426837228792,2.9078483378354463,1557253.053,4269820441.0,0.822311489894261,1505.0,67.7570641546867,14.8648648648649,3.0,67.9776750055915,45.69741589510485,4913.0,935.0,59.06,748.0,132.0,928.0,549.0,179.0
Mozambique,MOZ,22.4,,77.684,1113.752527592904,5.5,3472.9927609025044,2.601236269051043,786380.0,4015918755.0,0.918079927497185,-57067.0,51.4435359067327,39.2,83.1,31.6619153976179,84.60022174745569,,,,,,,,
Mauritania,MRT,37.6,9.0,38.785,3831.047110123477,6.2,11786.997177249916,4.487968269735276,1030700.0,2461814194.0,1.99659728958967,-2987.0,52.0748966645454,,35.1,49.3553973225913,54.39978232369453,4199.0,741.0,58.3,603.0,-81.0,676.0,743.0,196.0
Mauritius,MUS,99.4,11.0,55.336,18435.20318586524,40.1168,15542.6025437706,3.8773730946334126,1997.0,2273842085.0,0.188733237769964,-3617.0,72.2340370732856,18.8405797101449,11.4,39.9108848558771,18.72231252746948,,,,,,,,
Malawi,MWI,9.0,8.0,66.77,1558.1122474520328,5.05,3445.662126848438,27.046290997749352,94280.0,1200218873.0,0.809790589117754,-12934.0,50.7835676010532,22.279792746114,79.8,15.6966173464742,61.25654073243863,4035.0,563.0,52.78,752.0,53.0,857.0,699.0,248.0
Malaysia,MYS,99.6,6.0,61.955,23160.892451062704,57.0575,27110.686188437565,0.1744744813214396,328550.0,228308228683.0,1.49929579850642,149637.0,68.0468847881943,10.3603603603604,2.8,72.4882717118078,23.42839182161932,5.77,831.0,65.64,791.0,262.0,755.0,664.0,317.0
Namibia,NAM,47.4,7.0,49.961,9699.208377786495,13.9,28414.92383417144,4.039790893500751,823290.0,6072454150.0,3.20641632429402,10748.0,59.8920536335617,24.3589743589744,30.7,44.1106769079132,33.04154390017581,,,,,,,,
Niger,NER,15.2,,74.606,1137.769041295708,1.15,4204.506722681471,-0.3691740821394518,1266700.0,1335416061.0,1.0452311825973,-2543.0,48.1725183321064,13.2743362831858,78.7,16.2162595696064,88.20352357527369,3716.0,696.0,53.22,825.0,-78.0,711.0,639.0,208.0
Nigeria,NGA,55.6,9.0,77.844,7004.131195544767,19.1,8789.537675918727,4.964745715612807,910770.0,112289101900.0,0.4696953045206359,40201.0,52.549360231945,6.66666666666667,81.4,54.1130855192568,68.3730459179012,4818.0,663.0,52.46,622.0,49.0,905.0,652.0,286.0
Nicaragua,NIC,81.9,7.0,61.224,4710.572431585126,15.5,6734.363113077436,4.349157943138479,120340.0,2383158552.0,0.678614215031222,-26587.0,62.5413060115449,40.2173913043478,54.3,57.4274279501299,40.8057415138236,5772.0,868.0,65.0,859.0,37.0,636.0,0.8,271.0
Netherlands,NLD,100.0,13.0,61.903,49622.05196147994,93.9564,94401.72634894802,1.144927441191996,33690.0,659068818765.0,1.1572088159419,19973.0,66.0375664309138,38.6666666666667,5.0,89.1749992370605,12.002598244841286,7407.0,925.0,71.02,919.0,301.0,505.0,765.0,235.0
Norway,NOR,100.0,10.0,64.652,67377.92622587722,95.0534,219850.69395935195,2.553238900731173,365122.96,152412640404.0,1.40525218139781,40690.0,65.9319176134364,39.6449704142012,56.6,79.9723980455359,5.043268686170119,,,,,,,,
Nepal,NPL,77.4,,36.191,2658.0219688693333,13.3,1565.582598605525,7.082650998913792,143350.0,863261156.0,1.3407258743985,-373064.0,60.6470656972912,,86.0,64.1314570156048,80.5799827653779,4605.0,0.74,60.08,722.0,141.0,877.0,496.0,279.0
New Zealand,NZL,100.0,10.0,63.47,36262.70472826504,82.78,76726.57612125414,4.183362983229969,263310.0,38860390807.0,1.04392336294516,26385.0,65.4865980024927,32.2314049586777,28.3,85.7080129786455,14.26309259138241,7.28,958.0,69.86,944.0,232.0,312.0,778.0,151.0
Oman,OMN,100.0,,65.391,47013.47309343851,66.45,54039.87200314888,-2.220411853021943,309500.0,55286438038.0,9.74727260107489,113335.0,75.4747695109409,1.19047619047619,0.0,76.4914234214313,3.24775972955777,,,,,,,,
Pakistan,PAK,89.3,12.0,49.931,4173.938585687575,9.0,3625.166298793634,7.383106967384975,770880.0,25120485106.0,3.08802003540329,-1906319.0,57.2671270798072,20.7430340557276,48.1,35.4315352494366,58.9654742909403,5138.0,607.0,55.28,448.0,94.0,792.0,474.0,274.0
Panama,PAN,89.1,11.0,63.328,21923.675084334063,44.03,36962.61142748477,6.157936359972993,74340.0,791403452.0,,5926.0,64.7636759134082,8.45070422535211,20.7,65.3709770103365,31.639694758631308,6866.0,896.0,67.98,811.0,14.0,814.0,0.86,226.0
Peru,PER,92.1,14.0,75.079,11290.554740387362,39.2,20287.634629488934,1.0572343514957652,1280000.0,41654601896.0,1.64306905104789,-95214.0,63.9921870469901,21.5384615384615,28.4,79.3105527820586,51.375430231108,5783.0,797.0,68.28,703.0,-69.0,0.87,741.0,0.39
Philippines,PHL,87.5,11.0,59.297,6372.833821125455,32.7,12560.312729717503,2.0610633590686973,298170.0,53962596432.0,1.18950172893764,-218439.0,62.0410797268429,27.3356401384083,33.1,49.1313688766206,35.606517479277315,4977.0,846.0,61.78,907.0,19.0,756.0,796.0,332.0
Poland,POL,100.0,10.0,50.89,24433.89143448769,62.8492,26097.95375048236,0.2709757899448561,306210.0,204518284152.0,1.7900581767381,12402.0,70.4628284457914,23.695652173913,11.4,60.5333187465323,22.422865842443898,5746.0,912.0,67.64,776.0,-0.14,916.0,675.0,242.0
Portugal,PRT,100.0,12.0,49.638,27966.087425470465,62.0956,35941.6698340543,2.2743867018534303,91605.2,61139634018.0,1.43957267155316,-36342.0,65.5944048254508,31.304347826087,30.2,61.1405315215642,14.79785141548985,5158.0,867.0,70.02,788.0,-122.0,946.0,665.0,348.0
Paraguay,PRY,99.0,13.0,66.803,12137.008194756165,36.9,24033.62992851448,4.33767609517939,397300.0,9424734942.99999,0.9641672602449768,-17232.0,63.7406110712259,17.5,62.5,60.2375315600901,38.23445015600928,5936.0,939.0,65.44,909.0,37.0,903.0,874.0,224.0
West Bank and Gaza,PSE,99.9,10.0,33.485,5287.84746119629,46.6,14089.414849159735,5.7383714378646005,6020.0,900617884.0,,-26979.0,56.1995735831012,,11.7,84.8178459889593,25.67795383329363,4844.0,761.0,,454.0,-0.16,0.78,537.0,365.0
Qatar,QAT,100.0,9.0,86.054,169203.34985034092,85.3,120272.84526173014,0.7674736942257141,11610.0,132436792754.0,,133520.0,84.2675120692734,0.0,0.0,98.8357621827901,0.2409312525410969,,,,,,,,
Romania,ROU,98.1,10.0,46.527,18438.505428641023,49.7645,19336.842430599707,1.3945866153537168,230030.0,65568108720.0,1.29223076714816,-34910.0,67.8443383194302,13.3495145631068,23.1,53.9101758034365,22.51519970722017,5082.0,778.0,65.94,655.0,-133.0,952.0,541.0,329.0
Russian Federation,RUS,100.0,11.0,59.4,26019.7265625,67.97,20741.59017496856,5.320138872379147,16376870.0,526921540974.0,3.8540425831437295,289872.0,71.0307780178912,13.5555555555556,3.6,74.0762949770228,6.037793553876312,5537.0,881.0,61.82,661.0,-293.0,934.0,592.0,0.18
Rwanda,RWA,15.2,6.0,53.631,1512.241712538484,9.0,2991.815346886732,2.6897017589668337,24670.0,622448953.0,1.05488528481013,-16779.0,55.5068130968671,63.75,88.5,17.0742206053612,43.240238464071474,3466.0,0.75,57.7,904.0,-27.0,117.0,728.0,167.0
Saudi Arabia,SAU,100.0,9.0,53.951,62202.8859202572,60.5,98127.08066426252,-0.5573757569269162,2149690.0,475167708359.0,8.89019141193183,485794.0,71.8696842780143,19.8675496688742,0.0,82.6071884619102,2.45594682538784,6495.0,827.0,62.8,661.0,-82.0,,691.0,276.0
Sudan,SDN,43.1,8.0,39.189,3724.9599609375,,6687.426845311533,36.42862911769328,1868000.0,4005343000.0,,-194001.0,53.0162925943029,24.5762711864407,64.3,33.4264777958103,39.8679665673917,,,,,,,,
Senegal,SEN,57.0,11.0,44.155,2768.7681871198447,13.1,7496.585695288714,1.1861304699550317,192530.0,2174857008.0,1.25170125603319,34878.0,53.7401403808036,42.6666666666667,42.7,45.0398750539456,66.6762819884755,3647.0,823.0,57.6,636.0,-55.0,837.0,694.0,165.0
Singapore,SGP,100.0,6.0,65.152,83088.31854116582,80.9021,122856.64183766842,-0.4310593918716705,707.0,409098607389.0,3.03849114883637,52176.0,78.7282392629886,24.2424242424242,0.6,100.0,8.656739034107362,6533.0,808.0,72.84,827.0,0.11,242.0,663.0,148.0
Sierra Leone,SLE,13.5,9.0,55.364,2700.738078052588,4.0,15993.048825805472,6.256453910664007,72180.0,399046399.0,0.469957196664839,2773.0,54.2454656476793,12.396694214876,74.6,39.8916422780075,86.82632628415762,4514.0,708.0,48.94,0.72,-72.0,856.0,0.54,423.0
El Salvador,SLV,95.0,12.0,58.289,7092.588521332975,23.1093,11218.280219692457,0.6313116952610045,20720.0,5518450276.0,1.07998923193894,-49087.0,63.1773125178882,26.1904761904762,27.5,68.0878511957995,37.64237626114364,6325.0,827.0,63.86,716.0,-153.0,772.0,801.0,317.0
"Somalia, Fed. Rep.",SOM,51.5,,27.82,944.4045672803238,1.5,,-10.466820425724876,627340.0,616260586.0,0.4438575566536039,20723.0,49.8627987074496,13.8181818181818,94.4,41.2593474250273,47.3947902223592,,,,,,,,
Serbia,SRB,99.9,8.0,39.821,14286.505674190246,53.4504,18481.842619109768,7.801085168485926,87460.0,14715897061.0,1.84757469294627,-17866.0,67.7436627284965,33.2,20.0,59.6111068725586,28.25728422210007,5102.0,828.0,66.12,533.0,-103.0,908.0,505.0,403.0
South Sudan,SSD,3.8,8.0,64.237,1916.853558861905,2.2,33510.45482641002,36.512158499485736,631930.0,2320155232.0,6.5698636971854905,65337.0,55.5725452054268,26.5060240963855,30.1,18.2868996493633,82.8148364133026,,,,,,,,
Suriname,SUR,94.6,6.0,50.856,16172.696195996095,37.4,27569.46352487188,0.3837661681739774,160507.61,652700632.0,,-968.0,64.5829672067766,11.7647058823529,17.6,66.2683575134509,18.42714785887424,,,,,,,,
Slovak Republic,SVK,100.0,10.0,50.82,28075.43262367185,77.8826,26106.638005574936,0.5340618702973927,48088.0,85688749304.0,0.976653153261356,-1181.0,71.3702712441166,18.6666666666667,10.7,54.1384024098892,12.869619685955096,5937.0,909.0,67.16,598.0,-53.0,915.0,612.0,277.0
Slovenia,SVN,100.0,9.0,51.806,29634.06576114706,72.6756,44512.2598684469,1.132797187850727,20140.0,33988918077.000004,1.05894724003693,639.0,68.2843640336961,32.2222222222222,22.5,50.0466580754027,15.32338341255032,5975.0,932.0,69.68,0.89,32.0,918.0,625.0,274.0
Sweden,SWE,100.0,9.0,58.712,46098.232136883234,94.7836,117341.10039764154,1.0116804371082395,407339.7,165967141742.0,1.11768901606678,66760.0,63.7580854153169,44.9856733524355,47.3,85.9249771259894,7.954068844599789,7434.0,916.0,71.32,936.0,156.0,324.0,782.0,184.0
Eswatini,SWZ,57.5,7.0,38.851,8231.15139767951,24.7,20139.22193336885,6.207936017169516,17200.0,2035577411.0,1.95189144736842,-12664.0,59.1550367702369,6.15384615384615,66.1,22.8121644356992,34.0973155342642,,,,,,,,
Syrian Arab Republic,SYR,90.4,9.0,32.302,,26.2,1961.1422505304904,31.770193909529297,183630.0,1534886295.0,,-2081303.0,58.2414342049348,12.0,3.1,73.0620491886137,35.95697478464809,2688.0,585.0,59.82,455.0,222.0,663.0,354.0,622.0
Chad,TCD,8.1,10.0,62.009,2110.247051369881,2.5,16812.080360474964,-6.073794195038289,1259200.0,2992026134.0,4.29488547231355,51887.0,49.2853284505433,14.8936170212766,72.6,22.2975929852391,90.0592776652026,3508.0,714.0,49.74,488.0,-47.0,882.0,437.0,314.0
Togo,TGO,41.0,10.0,56.967,1715.3607384866543,4.5,2613.8103384149026,1.6832904461870442,54390.0,1287022293.0,1.67620536115859,-1976.0,55.6021652495483,15.3846153846154,76.2,38.8516767884103,80.8185915014099,,,,,,,,
Thailand,THA,99.4,9.0,69.796,15215.9492506383,28.94,16772.733861462937,1.7787458923541664,510890.0,223277238136.0,1.34525091985427,67452.0,71.6876647113235,15.8,23.2,45.8321343847773,54.85784606596821,6231.0,926.0,67.64,781.0,454.0,925.0,782.0,141.0
Tajikistan,TJK,99.0,9.0,38.03,2918.5604800735687,16.0,6836.547437615626,3.633009450544961,139960.0,1394998869.0,,-16362.0,60.5271432098208,19.047619047619,55.1,26.4883155822754,30.7529508062865,4967.0,701.0,61.2,693.0,58.0,764.0,578.0,0.17
Turkmenistan,TKM,99.9,10.0,42.504,11722.808627257707,9.6,,1.152445832521451,469930.0,11114608111.0,,7287.0,66.821369576187,16.8,0.1,46.9788451198152,31.91809307809409,5392.0,846.0,61.06,705.0,-72.0,,552.0,0.16
Trinidad and Tobago,TTO,100.0,6.0,61.961,31746.20524416514,59.9,53353.17578245269,1.983748255589916,5130.0,18963338636.0,0.76306904134769,-796.0,72.9691934254201,28.5714285714286,0.4,53.9255789963372,16.23167623598096,6168.0,883.0,64.44,847.0,123.0,948.0,764.0,286.0
Tunisia,TUN,99.7,9.0,40.163,10671.569727457032,43.8,10360.447387663424,4.500270189790385,155360.0,16334921067.0,1.5597373837127,-17020.0,68.9347454469317,26.7281105990783,13.2,67.4999542236328,19.13905525709243,5246.0,648.0,66.54,536.0,-212.0,886.0,435.0,239.0
Turkiye,TUR,100.0,12.0,45.902,22475.290977838835,46.25,29001.43811022596,6.187024294729326,769630.0,160017768356.0,1.92395966496054,438618.0,67.8629529763027,14.4160583941606,13.8,78.5218368384696,29.941787820071102,4888.0,795.0,67.38,541.0,-232.0,698.0,551.0,392.0
,,,,,,,,,,,,,,,,,,6.34,817.0,,0.69,-1.0,841.0,754.0,124.0
Tanzania,TZA,16.4,7.0,82.102,2176.21655273438,4.4,5840.842564722248,9.66618357795825,885800.0,4412186945.0,0.9723626032644128,1241.0,52.1500522021607,36.0,84.5,30.0725108782502,86.1759635426955,3852.0,803.0,55.38,654.0,54.0,859.0,707.0,191.0
Uganda,UGA,13.9,7.0,82.91,2044.881824858452,5.1,5233.741028994075,3.5869058261315416,200520.0,2068946647.0,0.937840989830747,-176579.0,49.2705614691801,34.9740932642487,93.1,22.7367659239271,76.48108962883084,3.71,878.0,54.62,763.0,0.05,0.82,647.0,346.0
Ukraine,UKR,100.0,11.0,52.244,10903.8251953125,40.9541,4958.963320217008,4.3087934370935415,579320.0,62853588698.0,2.3928953083474003,26781.0,70.7630587483478,9.43820224719101,3.5,68.9326288082226,18.674215464408288,4711.0,897.0,63.16,569.0,-222.0,937.0,572.0,225.0
Uruguay,URY,99.6,14.0,60.665,20661.379341118703,57.69,44397.030890478505,8.999246668845174,175020.0,7578393377.0,1.68721815702608,-5647.0,64.0250892510979,12.1212121212121,51.9,94.8844735142936,22.25168415441292,6444.0,917.0,67.34,888.0,-53.0,586.0,743.0,253.0
United States,USA,100.0,12.0,58.108,53297.38629015953,71.4,,1.4759865028637762,9147420.0,1575351644509.0,4.02370560438155,1663885.0,66.8895911742848,17.8240740740741,8.9,80.660889281215,4.027705019767902,7249.0,925.0,66.64,792.0,269.0,747.0,776.0,0.26
Uzbekistan,UZB,99.8,12.0,53.161,6412.7238692872015,26.8,6428.164652219981,11.987891478733758,435789.0,6702490238.0,,-20380.0,67.2375935121929,22.0,1.2,51.1276969909668,35.44412768330977,5.94,963.0,63.02,0.95,-0.04,434.0,686.0,0.13
"Venezuela, RB",VEN,99.4,14.0,57.913,,54.9,,39.11753984507163,882050.0,79847661303.0,1.66955178280415,-57818.0,64.9271711828064,16.969696969697,15.4,88.8786817039721,31.63050266199776,6553.0,896.0,65.18,642.0,-228.0,837.0,812.0,238.0
Viet Nam,VNM,98.5,9.0,76.217,6758.404336347488,38.5,6353.810746867673,4.038523637522758,313007.33,128743059508.0,1.74407703676771,-4979.0,69.8981123579468,24.4,37.4,31.5334201724543,62.6538750141381,5023.0,759.0,64.74,0.92,-46.0,771.0,689.0,165.0
Kosovo,XKX,,,,8090.759392639021,,,0.3531271237617233,,361724916.0,0.721739287326993,-16367.0,66.3036473807856,,,38.6251749487938,,6126.0,721.0,,568.0,117.0,935.0,0.65,203.0
"Yemen, Rep.",YEM,75.6,9.0,32.428,3164.3215422361527,20.0,28240.44703783188,9.20895702994578,527970.0,7097179471.0,4.07952717554633,5697.0,54.9181177658258,0.332225913621262,0.8,31.4427187944215,42.3445271975473,4218.0,694.0,58.48,543.0,-176.0,885.0,478.0,266.0
South Africa,ZAF,85.2,9.0,40.041,13369.43820396055,46.5,22405.89999772521,5.844111400673469,1213090.0,88686778002.0,1.02779402383821,232230.0,66.0240186544723,42.25,7.8,63.0524024097034,9.529266464798283,3661.0,839.0,52.3,714.0,-86.0,0.8,0.74,167.0
Zambia,ZMB,30.1,7.0,54.63,3477.281787776828,4.8,15893.36532488311,9.730891220305663,743390.0,10569734024.0,1.35973638684875,15542.0,52.5167743067941,11.4649681528662,85.3,41.1682266235825,77.76273714995406,5244.0,761.0,51.38,0.77,-105.0,732.0,727.0,308.0
Zimbabwe,ZWE,40.6,7.0,62.875,3783.9463370464737,15.5,8109.887699954394,9.371075093045178,386850.0,3667353323.0,1.86822395642382,-176972.0,53.0116349170891,31.4814814814815,79.3,32.9019343169941,68.5723087765262,4.69,799.0,48.8,576.0,-89.0,831.0,624.0,182.0
